method,aa_f1_mean,aa_f1_std,aa_f1_str,bwt_mean,bwt_std,bwt_str,forgetting_mean,forgetting_std,forgetting_str,degrad_mean,degrad_std,degrad_str,f1_old_mean,f1_old_std,f1_old_str,aa_f1_char_mean,aa_f1_char_std,aa_f1_char_str,aa_f1_word_mean,aa_f1_word_std,aa_f1_word_str
Static-CNN,0.8676,0.002,0.8676 +/- 0.0020,0.0,0.0,0.0000 +/- 0.0000,0.0,0.0,0.0000 +/- 0.0000,0.1098,0.0051,0.1098 +/- 0.0051,0.9492,0.0022,0.9492 +/- 0.0022,0.8693,0.0019,0.8693 +/- 0.0019,0.0233,0.0046,0.0233 +/- 0.0046
SW-Retrain,0.9483,0.0013,0.9483 +/- 0.0013,-0.0077,0.0032,-0.0077 +/- 0.0032,0.0103,0.003,0.0103 +/- 0.0030,0.0039,0.0038,0.0039 +/- 0.0038,0.9381,0.0042,0.9381 +/- 0.0042,0.9429,0.0035,0.9429 +/- 0.0035,0.0041,0.002,0.0041 +/- 0.0020
EWC-only,0.9614,0.0008,0.9614 +/- 0.0008,0.0003,0.0018,0.0003 +/- 0.0018,0.0032,0.0017,0.0033 +/- 0.0017,-0.0162,0.0028,-0.0162 +/- 0.0028,0.9597,0.0023,0.9597 +/- 0.0023,0.9637,0.0018,0.9637 +/- 0.0018,0.0197,0.0031,0.0197 +/- 0.0031
iCaRL,0.948,0.0042,0.9480 +/- 0.0042,0.0134,0.0032,0.0134 +/- 0.0032,0.001,0.001,0.0010 +/- 0.0010,-0.0147,0.0034,-0.0147 +/- 0.0034,0.9579,0.0031,0.9579 +/- 0.0031,0.963,0.0025,0.9630 +/- 0.0025,0.0016,0.0012,0.0016 +/- 0.0012
GDumb,0.9302,0.0013,0.9302 +/- 0.0013,-0.0076,0.0024,-0.0076 +/- 0.0024,0.01,0.0025,0.0100 +/- 0.0025,0.0238,0.0036,0.0238 +/- 0.0036,0.9277,0.002,0.9277 +/- 0.0020,0.9249,0.0027,0.9249 +/- 0.0027,0.0017,0.0006,0.0017 +/- 0.0006
CNN + LoRA Update,0.9479,0.0011,0.9479 +/- 0.0011,0.0005,0.0011,0.0005 +/- 0.0011,0.0031,0.0012,0.0031 +/- 0.0012,0.0,0.0022,0.0000 +/- 0.0022,0.9502,0.0027,0.9502 +/- 0.0027,0.9504,0.0016,0.9504 +/- 0.0016,0.0046,0.0021,0.0046 +/- 0.0021
CNN + LoRA + SER,0.9479,0.001,0.9479 +/- 0.0010,0.0009,0.0011,0.0009 +/- 0.0011,0.003,0.0007,0.0030 +/- 0.0007,-0.0004,0.0017,-0.0004 +/- 0.0017,0.9504,0.0022,0.9504 +/- 0.0022,0.9508,0.0016,0.9508 +/- 0.0016,0.0037,0.0012,0.0037 +/- 0.0012
CNN + LoRA + SER + EWC,0.9476,0.0011,0.9476 +/- 0.0011,0.0003,0.0011,0.0003 +/- 0.0011,0.0036,0.001,0.0035 +/- 0.0010,0.0004,0.0025,0.0004 +/- 0.0025,0.9492,0.0028,0.9492 +/- 0.0028,0.9499,0.0017,0.9499 +/- 0.0017,0.0043,0.0018,0.0043 +/- 0.0018
DRC-CL,0.946,0.0015,0.9460 +/- 0.0015,0.0018,0.0009,0.0018 +/- 0.0009,0.0021,0.0009,0.0021 +/- 0.0009,0.0001,0.003,0.0001 +/- 0.0030,0.9484,0.0025,0.9484 +/- 0.0025,0.9497,0.0014,0.9497 +/- 0.0014,0.0043,0.0018,0.0043 +/- 0.0018
